1,Grey,Elliot,250930
2,Andrew,Tyler,250930
3,Bryan,John,250930
4,Logan,Manuella,250930
5,Andrew,Manuella,250930
6,Grey,Bryan,250930
7,Logan,Jaden,250930
8,Jaden,Manuella,250930
9,Logan,Andrew,250930
10,Leia,John,250930
11,Jaden,Bryan,250930
12,Grey,Leia,250930
13,Logan,Grey,250930
14,Bryan,Andrew,250930
15,Grey,Jaden,250930
16,Logan,Bryan,250930
17,Grey,Andrew,250930
18,John,Bryan,251001
19,Milene,Grey,251001
20,John,Kadir,251001
21,Luke,Grey,251001
22,Andrue,Jacob,251001
23,Bryan,Andrue,251001
24,Bryan,Grey,251001
25,Luke,Milene,251001
26,Grey,Luke,251001
27,Milene,Andrue,251001
28,Omar,John,251001
29,Omar,John,251001
30,Bryan,Milene,251001
31,Milene,Omar,251001
32,Milene,Omar,251001
33,Luke,Grey,251001
